<?xml version='1.0' encoding='UTF-8' standalone='yes' ?>
<set>
  <string>tv.danmaku.bili/com.bilibili.opd.app.bizcommon.radar.service.RadarMainProcessService</string>
  <string>tv.danmaku.bili/com.cmic.promopush.push.base.MqttService</string>
  <string>tv.danmaku.bili/com.bilibili.lib.okdownloader.internal.process.ProcessService</string>
  <string>tv.danmaku.bili/com.bilibili.adcommon.apkdownload.ADDownloadService</string>
  <string>tv.danmaku.bili/com.bilibili.lib.fasthybrid.service.BWAppletMessageService</string>
  <string>com.netease.cloudmusic/com.netease.cloudmusic.push.receiver.HuaweiPushService</string>
  <string>tv.danmaku.bili/com.sobot.chat.server.SobotSessionServer</string>
  <string>tv.danmaku.bili/com.huawei.agconnect.core.ServiceDiscovery</string>
  <string>com.netease.cloudmusic/com.vivo.push.sdk.service.CommandClientService</string>
  <string>com.netease.cloudmusic/com.netease.cloudmusic.module.transfer.apk.ApkManagerService</string>
  <string>tv.danmaku.bili/tv.danmaku.bili.ui.webview.service.scan.BleScanService</string>
  <string>tv.danmaku.bili/com.bilibili.opd.app.bizcommon.hybridruntime.neul.PreheatService</string>
  <string>tv.danmaku.bili/com.bilibili.gripper.container.bwebview.X5LoaderService</string>
  <string>tv.danmaku.bili/androidx.work.impl.foreground.SystemForegroundService</string>
  <string>tv.danmaku.bili/tv.danmaku.bili.ui.webview.service.RealityInteractionService</string>
  <string>com.tencent.mobileqq/com.heytap.msp.push.service.CompatibleDataMessageCallbackService</string>
  <string>com.netease.cloudmusic/com.kwai.koom.javaoom.monitor.analysis.HeapAnalysisService</string>
  <string>com.netease.cloudmusic/com.netease.cloudmusic.video.service.VideoPlayService</string>
  <string>tv.danmaku.bili/androidx.work.impl.background.systemalarm.SystemAlarmService</string>
  <string>tv.danmaku.bili/tv.danmaku.bili.ui.webview.service.sensor.SensorService</string>
  <string>tv.danmaku.bili/com.bilibili.opd.app.bizcommon.radar.service.RadarWebProcessService</string>
  <string>com.tencent.mobileqq/com.heytap.msp.push.service.DataMessageCallbackService</string>
  <string>com.netease.cloudmusic/org.chromium.wow.extension.usage.WowIPCService</string>
  <string>com.coolapk.market/com.tencent.android.tpush.honor.HonorMessageService</string>
  <string>com.tencent.mobileqq/kcsdk.shell.KcShellService</string>
  <string>tv.danmaku.bili/com.bilibili.preload.WebViewPreloadServiceV2</string>
  <string>tv.danmaku.bili/com.bilibili.game.service.DownloadService</string>
  <string>tv.danmaku.bili/com.bilibili.game.service.filedownload.FileDownloadServiceV2</string>
  <string>com.tencent.mobileqq/com.vivo.push.sdk.service.CommandClientService</string>
  <string>com.netease.cloudmusic/com.netease.cloudmusic.biz.watch.downloader.HuaweiSportService</string>
  <string>com.netease.cloudmusic/com.netease.cloudmusic.push.receiver.oppo.OppoPushReceiverQ</string>
  <string>com.tencent.mobileqq/com.tencent.biz.troop.TroopMemberApiService</string>
  <string>tv.danmaku.bili/tv.danmaku.bili.ui.webview.service.WebInitService</string>
  <string>tv.danmaku.bili/com.bilibili.lib.infoeyes.InfoEyesRemoteService</string>
  <string>tv.danmaku.bili/com.bilibili.lib.fasthybrid.wallpaper.SmallAppWallpaperService</string>
  <string>tv.danmaku.bili/com.kwai.koom.javaoom.monitor.analysis.HeapAnalysisService</string>
  <string>tv.danmaku.bili/com.bilibili.ad.preload.AdWebViewPreloadService4WebProcess</string>
  <string>tv.danmaku.bili/tv.danmaku.bili.update.internal.network.download.UpdateService2</string>
  <string>tv.danmaku.bili/com.bilibili.lib.jsbridge.common.record.recorder.ScreenRecorderService</string>
  <string>com.netease.cloudmusic/com.huawei.agconnect.core.ServiceDiscovery</string>
  <string>tv.danmaku.bili/com.huawei.hms.support.api.push.service.HmsMsgService</string>
  <string>tv.danmaku.bili/com.bilibili.bilibililive.lib.web.core.BlinkWeb2MainService</string>
  <string>tv.danmaku.bili/tv.danmaku.bili.update.internal.network.download.UpdateService</string>
  <string>com.netease.cloudmusic/com.netease.cloudmusic.network.deteck.DetectService</string>
  <string>tv.danmaku.bili/com.google.android.datatransport.runtime.scheduling.jobscheduling.JobInfoSchedulerService</string>
  <string>tv.danmaku.bili/com.bilibili.preload.WebViewPreloadService</string>
  <string>tv.danmaku.bili/com.mall.ui.page.base.download.MallDownloadService</string>
  <string>tv.danmaku.bili/com.bilibili.lib.fasthybrid.SmallAppService</string>
  <string>tv.danmaku.bili/androidx.room.MultiInstanceInvalidationService</string>
  <string>com.coolapk.market/com.tencent.android.tpush.service.XGVipPushService</string>
  <string>com.netease.cloudmusic/com.netease.cloudmusic.push.receiver.HonorPushService</string>
  <string>tv.danmaku.bili/com.bilibili.biligame.track.service.TrackService</string>
  <string>com.tencent.mobileqq/com.huawei.hms.support.api.push.service.HmsMsgService</string>
  <string>tv.danmaku.bili/com.bilibili.bilibililive.lib.web.core.BlinkMain2WebService</string>
  <string>tv.danmaku.bili/com.heytap.msp.push.service.DataMessageCallbackService</string>
  <string>com.netease.cloudmusic/com.netease.android.extension.servicekeeper.service.ipc.server.IPCCommunicationAndroidService</string>
  <string>tv.danmaku.bili/tv.danmaku.bili.ui.webview.service.adv.BleAdvService</string>
  <string>com.netease.cloudmusic/com.huawei.hms.support.api.push.service.HmsMsgService</string>
  <string>tv.danmaku.bili/com.bilibili.lib.neuron.internal.NeuronRemoteService</string>
  <string>tv.danmaku.bili/com.sobot.chat.core.channel.SobotTCPServer</string>
  <string>tv.danmaku.bili/com.bilibili.lib.infoeyes.InfoEyesLocalService</string>
  <string>com.coolapk.market/com.huawei.hms.support.api.push.service.HmsMsgService</string>
  <string>tv.danmaku.bili/com.bilibili.videodownloader.service.VideoDownloadService</string>
  <string>tv.danmaku.bili/com.bilibili.live.streaming.service.PlaybackCaptureService</string>
  <string>tv.danmaku.bili/com.bilibili.lib.fasthybrid.SmallAppService$InnerService</string>
  <string>tv.danmaku.bili/com.bilibili.app.comm.list.common.downloadapk.DownloadApkService</string>
  <string>com.tencent.mobileqq/com.huawei.agconnect.core.ServiceDiscovery</string>
  <string>tv.danmaku.bili/androidx.work.impl.background.systemjob.SystemJobService</string>
  <string>tv.danmaku.bili/com.google.android.datatransport.runtime.backends.TransportBackendDiscovery</string>
  <string>com.tencent.mobileqq/com.tencent.mobileqq.music.QQPlayerService</string>
  <string>com.netease.cloudmusic/com.netease.cloudmusic.push.receiver.oppo.OppoPushReceiverPreQ</string>
  <string>tv.danmaku.bili/com.oplus.channel.client.service.PullAliveService</string>
  <string>tv.danmaku.bili/com.bilibili.lib.neuron.internal.NeuronLocalService</string>
  <string>tv.danmaku.bili/com.bilibili.lib.push.PushMessageService</string>
  <string>tv.danmaku.bili/com.bilibili.adcommon.sdk.rewardvideo.RewardVideoAdListenerService</string>
  <string>com.tencent.mobileqq/com.tencent.mobileqq.winkpublish.service.WinkPublishService</string>
  <string>tv.danmaku.bili/com.bilibili.ad.preload.AdWebViewPreloadService4MainProcess</string>
  <string>com.netease.cloudmusic/com.netease.cloudmusic.music.biz.voice.tileservice.ListenBookService</string>
  <string>com.tencent.mobileqq/com.qzone.preview.service.PictureService</string>
  <string>com.coolapk.market/com.huawei.android.hms.tpns.HWHmsMessageService</string>
  <string>tv.danmaku.bili/com.heytap.msp.push.service.CompatibleDataMessageCallbackService</string>
  <string>tv.danmaku.bili/com.bilibili.opd.app.bizcommon.hybridruntime.neul.NeulService</string>
</set>