<?xml version='1.0' encoding='UTF-8' standalone='yes' ?>
<set>
  <string>{"flags":1,"ownerPackageName":"android","ownerUserId":0,"tag":"*job*/@androidx.work.systemjobscheduler@com.coolapk.market/androidx.work.impl.background.systemjob.SystemJobService#80"}</string>
  <string>{"flags":1,"ownerPackageName":"android","ownerUserId":0,"tag":"*job*/com.miui.cloudservice/.sync.banner.BannerJobService#95"}</string>
  <string>{"flags":1,"ownerPackageName":"android","ownerUserId":0,"tag":"*job*/com.xiaomi.market/.business_core.update.auto.AutoUpdateScheduler#50"}</string>
  <string>{"flags":1,"ownerPackageName":"android","ownerUserId":0,"tag":"NotificationManagerService:post:com.taobao.idlefish"}</string>
  <string>{"flags":1,"ownerPackageName":"android","ownerUserId":0,"tag":"*vibrator*"}</string>
  <string>{"flags":1,"ownerPackageName":"android","ownerUserId":0,"tag":"*job*/com.android.mms/com.miui.smsextra.service.TeddyMediaJobScheduler#14"}</string>
  <string>{"flags":1,"ownerPackageName":"com.android.systemui","ownerUserId":0,"tag":"DozeService"}</string>
  <string>{"flags":1,"ownerPackageName":"android","ownerUserId":0,"tag":"*sync*/wifi/com.xiaomi/2489934427"}</string>
  <string>{"flags":1,"ownerPackageName":"android","ownerUserId":0,"tag":"*job*/@SyncManager@com.miui.gallery.cloud.provider/com.xiaomi/2489934427:android#51"}</string>
  <string>{"flags":1,"ownerPackageName":"com.android.networkstack","ownerUserId":0,"tag":"IpReachabilityMonitor.wlan0"}</string>
  <string>{"flags":1,"ownerPackageName":"android","ownerUserId":0,"tag":"*job*/com.miui.cloudbackup/.service.ReportAutoBackupStatusJobService#8"}</string>
  <string>{"flags":1,"ownerPackageName":"android","ownerUserId":0,"tag":"*job*/@androidx.work.systemjobscheduler@com.coolapk.market/androidx.work.impl.background.systemjob.SystemJobService#106"}</string>
  <string>{"flags":1,"ownerPackageName":"android","ownerUserId":0,"tag":"*job*/@SyncManager@com.android.contacts/app.revanced/lr2645812527@gmail.com:android#4"}</string>
  <string>{"flags":1,"ownerPackageName":"android","ownerUserId":0,"tag":"*job*/@androidx.work.systemjobscheduler@com.coolapk.market/androidx.work.impl.background.systemjob.SystemJobService#91"}</string>
  <string>{"flags":1,"ownerPackageName":"android","ownerUserId":0,"tag":"*job*/com.mi.health/androidx.work.impl.background.systemjob.SystemJobService#2"}</string>
  <string>{"flags":1,"ownerPackageName":"android","ownerUserId":0,"tag":"*job*/com.xiaomi.market/.business_core.update.auto.AutoUpdateScheduler#1"}</string>
  <string>{"flags":1,"ownerPackageName":"android","ownerUserId":0,"tag":"*job*/com.xiaomi.finddevice/.v2.job.BatchJobService#31"}</string>
  <string>{"flags":1,"ownerPackageName":"com.android.mms","ownerUserId":0,"tag":"Mms:StartingAlertService"}</string>
  <string>{"flags":1,"ownerPackageName":"android","ownerUserId":0,"tag":"*job*/@SyncManager@com.miui.gallery.cloud.provider/com.xiaomi/2489934427:android#52"}</string>
  <string>{"flags":1,"ownerPackageName":"android","ownerUserId":0,"tag":"*job*/@androidx.work.systemjobscheduler@com.coolapk.market/androidx.work.impl.background.systemjob.SystemJobService#118"}</string>
  <string>{"flags":1,"ownerPackageName":"android","ownerUserId":0,"tag":"*job*/com.android.fileexplorer/com.android.cloud.service.ReportCloudDriveSwitchStatusJobService#2"}</string>
  <string>{"flags":1,"ownerPackageName":"android","ownerUserId":0,"tag":"NotificationManagerService:post:com.android.mms"}</string>
  <string>{"flags":1,"ownerPackageName":"android","ownerUserId":0,"tag":"time_detector"}</string>
  <string>{"flags":1,"ownerPackageName":"android","ownerUserId":0,"tag":"*job*/com.xiaomi.market/.business_core.update.auto.AutoUpdateScheduler#51"}</string>
  <string>{"flags":1,"ownerPackageName":"android","ownerUserId":0,"tag":"NotificationManagerService:post:com.omarea.vtools"}</string>
  <string>{"flags":1,"ownerPackageName":"android","ownerUserId":0,"tag":"*job*/com.xiaomi.account/.config.notification.FetchAccountPushConfigJobService#64"}</string>
  <string>{"flags":1,"ownerPackageName":"android","ownerUserId":0,"tag":"deviceidle_going_idle"}</string>
  <string>{"flags":1,"ownerPackageName":"android","ownerUserId":0,"tag":"*job*/app.revanced.android.photos/com.google.android.apps.photos.backup.core.AutobackupJobService#1040"}</string>
  <string>{"flags":1,"ownerPackageName":"com.xiaomi.market","ownerUserId":0,"tag":"com.xiaomi.market.data.WakeLockManager/com.miui.personalassistant"}</string>
  <string>{"flags":1,"ownerPackageName":"android","ownerUserId":0,"tag":"*job*/com.android.mms/.service.JobStatService#5"}</string>
  <string>{"flags":1,"ownerPackageName":"android","ownerUserId":0,"tag":"NotificationManagerService:post:com.taobao.taobao"}</string>
  <string>{"flags":1,"ownerPackageName":"android","ownerUserId":0,"tag":"*job*/@SyncManager@com.miui.gallery.cloud.provider/com.xiaomi/2489934427:android#50"}</string>
  <string>{"flags":1,"ownerPackageName":"app.revanced.android.photos","ownerUserId":0,"tag":"BackgroundTaskService-VideoCompressionScheduleTask"}</string>
  <string>{"flags":1,"ownerPackageName":"com.mediatek.ims","ownerUserId":0,"tag":"MWIRIL_ACK_WL"}</string>
  <string>{"flags":1,"ownerPackageName":"android","ownerUserId":0,"tag":"*job*/@androidx.work.systemjobscheduler@com.coolapk.market/androidx.work.impl.background.systemjob.SystemJobService#107"}</string>
  <string>{"flags":1,"ownerPackageName":"android","ownerUserId":0,"tag":"*job*/@androidx.work.systemjobscheduler@app.revanced.android.photos/androidx.work.impl.background.systemjob.SystemJobService#555000004"}</string>
  <string>{"flags":1,"ownerPackageName":"android","ownerUserId":0,"tag":"*job*/@androidx.work.systemjobscheduler@app.revanced.android.photos/androidx.work.impl.background.systemjob.SystemJobService#555000027"}</string>
  <string>{"flags":1,"ownerPackageName":"android","ownerUserId":0,"tag":"*job*/com.miui.cloudservice/.cloudcontrol.FetchCloudConfigJobService#143"}</string>
  <string>{"flags":1,"ownerPackageName":"android","ownerUserId":0,"tag":"*job*/com.mi.health/androidx.work.impl.background.systemjob.SystemJobService#3"}</string>
  <string>{"flags":1,"ownerPackageName":"android","ownerUserId":0,"tag":"*job*/com.miui.cloudbackup/.service.AutoBackupJobService#1"}</string>
  <string>{"flags":1,"ownerPackageName":"audioserver","ownerUserId":0,"tag":"AudioIn"}</string>
  <string>{"flags":1,"ownerPackageName":"android","ownerUserId":0,"tag":"*job*/com.miui.cloudbackup/.service.RecommendWeChatBackupCheckJobService#7"}</string>
  <string>{"flags":1,"ownerPackageName":"android","ownerUserId":0,"tag":"*job*/com.miui.cloudbackup/.service.QuotaWarningNotificationCheckJobService#4"}</string>
  <string>{"flags":1,"ownerPackageName":"com.android.systemui","ownerUserId":0,"tag":"MiuiDozeBrightnessTimeoutAdapter"}</string>
  <string>{"flags":1,"ownerPackageName":"android","ownerUserId":0,"tag":"*job*/@SyncManager@com.miui.gallery.cloud.provider/com.xiaomi/2489934427:android#62"}</string>
  <string>{"flags":1,"ownerPackageName":"android","ownerUserId":0,"tag":"NotificationManagerService:post:com.miui.contentextension"}</string>
  <string>{"flags":1,"ownerPackageName":"android","ownerUserId":0,"tag":"*job*/com.android.providers.downloads/.DownloadIdleService#-100"}</string>
  <string>{"flags":1,"ownerPackageName":"android","ownerUserId":0,"tag":"*job*/com.android.htmlviewer/com.android.settings.cloud.CloudJobMobileDataService#44008"}</string>
  <string>{"flags":1,"ownerPackageName":"android","ownerUserId":0,"tag":"*job*/@androidx.work.systemjobscheduler@app.revanced.android.photos/androidx.work.impl.background.systemjob.SystemJobService#555000038"}</string>
  <string>{"flags":1,"ownerPackageName":"android","ownerUserId":0,"tag":"WifiSuspend"}</string>
  <string>{"flags":1,"ownerPackageName":"android","ownerUserId":0,"tag":"*job*/com.miui.cloudservice/.sync.IntelligentSyncService#127"}</string>
  <string>{"flags":1,"ownerPackageName":"android","ownerUserId":0,"tag":"ActivityManager-Sleep"}</string>
  <string>{"flags":1,"ownerPackageName":"android","ownerUserId":0,"tag":"*job*/com.xiaomi.market/.business_core.update.manual.ManualUpdateScheduler#171"}</string>
  <string>{"flags":1,"ownerPackageName":"com.xiaomi.market","ownerUserId":0,"tag":"com.xiaomi.market.data.WakeLockManager/CheckUpdateService"}</string>
  <string>{"flags":1,"ownerPackageName":"android","ownerUserId":0,"tag":"*job*/@SyncManager@notes/com.xiaomi/2489934427:android#49"}</string>
  <string>{"flags":1,"ownerPackageName":"com.android.systemui","ownerUserId":0,"tag":"Doze"}</string>
  <string>{"flags":1,"ownerPackageName":"android","ownerUserId":0,"tag":"*job*/com.android.thememanager/.service.ThemeSchedulerService#516"}</string>
  <string>{"flags":1,"ownerPackageName":"com.tencent.mm","ownerUserId":0,"tag":"VFS:Maintenance"}</string>
  <string>{"flags":1,"ownerPackageName":"android","ownerUserId":0,"tag":"*job*/@androidx.work.systemjobscheduler@com.coolapk.market/androidx.work.impl.background.systemjob.SystemJobService#104"}</string>
  <string>{"flags":1,"ownerPackageName":"android","ownerUserId":0,"tag":"*job*/@androidx.work.systemjobscheduler@com.coolapk.market/androidx.work.impl.background.systemjob.SystemJobService#93"}</string>
  <string>{"flags":1,"ownerPackageName":"com.mediatek.ims","ownerUserId":0,"tag":"IMS_RILA"}</string>
  <string>{"flags":1,"ownerPackageName":"android","ownerUserId":0,"tag":"*job*/com.miui.voiceassist/com.xiaomi.voiceassistant.VAJobService#110010"}</string>
  <string>{"flags":1,"ownerPackageName":"android","ownerUserId":0,"tag":"*job*/com.miui.cloudservice/.stat.ReportAppSyncSwitchStatusJobService#93"}</string>
  <string>{"flags":1,"ownerPackageName":"com.android.systemui","ownerUserId":0,"tag":"SysUI:BroadcastSender"}</string>
  <string>{"flags":1,"ownerPackageName":"com.xunmeng.pinduoduo","ownerUserId":0,"tag":"MicroMsg:WakerLock"}</string>
  <string>{"flags":1,"ownerPackageName":"android","ownerUserId":0,"tag":"*job*/com.mi.health/androidx.work.impl.background.systemjob.SystemJobService#0"}</string>
  <string>{"flags":1,"ownerPackageName":"android","ownerUserId":0,"tag":"*job*/@SyncManager@com.miui.gallery.cloud.provider/com.xiaomi/2489934427:android#8"}</string>
  <string>{"flags":1,"ownerPackageName":"com.miui.securitycenter","ownerUserId":0,"tag":"TrafficManageService-MiuiTrafficCorrection"}</string>
  <string>{"flags":1,"ownerPackageName":"android","ownerUserId":0,"tag":"*job*/@SyncManager@com.miui.gallery.cloud.provider/com.xiaomi/2489934427:android#61"}</string>
  <string>{"flags":1,"ownerPackageName":"com.android.deskclock","ownerUserId":0,"tag":"DC:AlarmClock"}</string>
  <string>{"flags":1,"ownerPackageName":"android","ownerUserId":0,"tag":"*job*/com.xiaomi.xmsf/androidx.work.impl.background.systemjob.SystemJobService#7"}</string>
  <string>{"flags":1,"ownerPackageName":"com.android.systemui","ownerUserId":0,"tag":"Scrims"}</string>
  <string>{"flags":1,"ownerPackageName":"android","ownerUserId":0,"tag":"NotificationManagerService:post:org.telegram.messenger.web"}</string>
  <string>{"flags":1,"ownerPackageName":"android","ownerUserId":0,"tag":"*job*/com.android.mms/.service.DeviceStatusReportService#16"}</string>
  <string>{"flags":1,"ownerPackageName":"android","ownerUserId":0,"tag":"*job*/com.tencent.mm/androidx.work.impl.background.systemjob.SystemJobService#20"}</string>
  <string>{"flags":1,"ownerPackageName":"android","ownerUserId":0,"tag":"NtpTimeHelper"}</string>
  <string>{"flags":32,"ownerPackageName":"com.android.incallui","ownerUserId":0,"tag":"ProximitySensor"}</string>
  <string>{"flags":1,"ownerPackageName":"android","ownerUserId":0,"tag":"*job*/com.miui.weather2/androidx.work.impl.background.systemjob.SystemJobService#101022"}</string>
  <string>{"flags":1,"ownerPackageName":"android","ownerUserId":0,"tag":"*job*/@androidx.work.systemjobscheduler@com.coolapk.market/androidx.work.impl.background.systemjob.SystemJobService#116"}</string>
  <string>{"flags":1,"ownerPackageName":"android","ownerUserId":0,"tag":"*job*/com.mi.health/com.xiaomi.fitness.keep_alive.KeepAliveJobSchedulerService#1001"}</string>
  <string>{"flags":1,"ownerPackageName":"android","ownerUserId":0,"tag":"*job*/@androidx.work.systemjobscheduler@com.coolapk.market/androidx.work.impl.background.systemjob.SystemJobService#139"}</string>
  <string>{"flags":1,"ownerPackageName":"android","ownerUserId":0,"tag":"*job*/com.miui.voiceassist/com.xiaomi.voiceassistant.VAJobService#110000"}</string>
  <string>{"flags":1,"ownerPackageName":"android","ownerUserId":0,"tag":"*job*/@androidx.work.systemjobscheduler@com.coolapk.market/androidx.work.impl.background.systemjob.SystemJobService#81"}</string>
  <string>{"flags":1,"ownerPackageName":"android","ownerUserId":0,"tag":"*job*/app.revanced.android.photos/com.google.android.apps.photos.jobqueue.PhotosOfflineJobQueueJobsService#1046"}</string>
  <string>{"flags":1,"ownerPackageName":"android","ownerUserId":0,"tag":"*job*/com.xiaomi.market/.business_core.update.manual.ManualUpdateScheduler#170"}</string>
  <string>{"flags":1,"ownerPackageName":"android","ownerUserId":0,"tag":"*job*/com.miui.cloudservice/.state.userinfo.PeriodicQueryCloudQuotaJobService#159"}</string>
  <string>{"flags":1,"ownerPackageName":"android","ownerUserId":0,"tag":"GnssVisibilityControl"}</string>
  <string>{"flags":805306378,"ownerPackageName":"com.android.incallui","ownerUserId":0,"tag":"InCallPresenter"}</string>
  <string>{"flags":1,"ownerPackageName":"com.taobao.taobao","ownerUserId":0,"tag":"bifrost.WakerLock"}</string>
  <string>{"flags":1,"ownerPackageName":"android","ownerUserId":0,"tag":"LockoutResetMonitor:SendLockoutReset"}</string>
  <string>{"flags":1,"ownerPackageName":"android","ownerUserId":0,"tag":"*job*/@SyncManager@com.miui.gallery.cloud.provider/com.xiaomi/2489934427:android#9"}</string>
  <string>{"flags":1,"ownerPackageName":"android","ownerUserId":0,"tag":"*job*/com.miui.voiceassist/com.xiaomi.voiceassistant.VAJobService#110011"}</string>
  <string>{"flags":1,"ownerPackageName":"android","ownerUserId":0,"tag":"*job*/com.mi.health/androidx.work.impl.background.systemjob.SystemJobService#1"}</string>
  <string>{"flags":1,"ownerPackageName":"android","ownerUserId":0,"tag":"NotificationManagerService:post:com.android.systemui"}</string>
  <string>{"flags":1,"ownerPackageName":"android","ownerUserId":0,"tag":"*job*/@SyncManager@com.miui.gallery.cloud.provider/com.xiaomi/2489934427:android#19"}</string>
  <string>{"flags":1,"ownerPackageName":"android","ownerUserId":0,"tag":"*job*/com.xiaomi.xmsf/com.xiaomi.xms.atom.engine.job.ClientAIScheduler#5886"}</string>
  <string>{"flags":1,"ownerPackageName":"android","ownerUserId":0,"tag":"*job*/com.miui.cloudservice/.cta.CTAStateCheckJobService#45"}</string>
  <string>{"flags":1,"ownerPackageName":"android","ownerUserId":0,"tag":"*job*/@SyncManager@com.miui.gallery.cloud.provider/com.xiaomi/2489934427:android#60"}</string>
  <string>{"flags":1,"ownerPackageName":"android","ownerUserId":0,"tag":"*job*/com.android.mms/com.miui.smsextra.service.TemplateUpdateService#1"}</string>
  <string>{"flags":1,"ownerPackageName":"android","ownerUserId":0,"tag":"*job*/com.tencent.mm/androidx.work.impl.background.systemjob.SystemJobService#21"}</string>
  <string>{"flags":536870913,"ownerPackageName":"com.coolapk.market","ownerUserId":0,"tag":"TPNS:VIP"}</string>
  <string>{"flags":1,"ownerPackageName":"android","ownerUserId":0,"tag":"*launch*"}</string>
  <string>{"flags":1,"ownerPackageName":"android","ownerUserId":0,"tag":"*job*/@androidx.work.systemjobscheduler@com.coolapk.market/androidx.work.impl.background.systemjob.SystemJobService#117"}</string>
  <string>{"flags":1,"ownerPackageName":"android","ownerUserId":0,"tag":"NotificationManagerService:post:com.milink.service"}</string>
  <string>{"flags":1,"ownerPackageName":"android","ownerUserId":0,"tag":"*job*/@SyncManager@com.miui.gallery.cloud.provider/com.xiaomi/2489934427:android#29"}</string>
  <string>{"flags":1,"ownerPackageName":"com.tencent.mm","ownerUserId":0,"tag":"MicroMsg:ReentrantGuard"}</string>
  <string>{"flags":1,"ownerPackageName":"com.android.systemui","ownerUserId":0,"tag":"media"}</string>
  <string>{"flags":1,"ownerPackageName":"android","ownerUserId":0,"tag":"NotificationManagerService:post:com.xiaomi.finddevice"}</string>
  <string>{"flags":1,"ownerPackageName":"com.android.cellbroadcastservice","ownerUserId":0,"tag":"CellBroadcastHandler"}</string>
  <string>{"flags":1,"ownerPackageName":"android","ownerUserId":0,"tag":"*job*/@androidx.work.systemjobscheduler@com.coolapk.market/androidx.work.impl.background.systemjob.SystemJobService#102"}</string>
  <string>{"flags":1,"ownerPackageName":"android","ownerUserId":0,"tag":"*job*/org.telegram.messenger.web/org.telegram.messenger.KeepAliveJob#1000"}</string>
  <string>{"flags":1,"ownerPackageName":"android","ownerUserId":0,"tag":"*job*/com.miui.weather2/androidx.work.impl.background.systemjob.SystemJobService#101012"}</string>
  <string>{"flags":1,"ownerPackageName":"org.telegram.messenger.web","ownerUserId":0,"tag":"fiid-sync"}</string>
  <string>{"flags":1,"ownerPackageName":"android","ownerUserId":0,"tag":"*job*/@SyncManager@com.miui.gallery.cloud.provider/com.xiaomi/2489934427:android#18"}</string>
  <string>{"flags":1,"ownerPackageName":"com.android.systemui","ownerUserId":0,"tag":"RingtonePlayer"}</string>
  <string>{"flags":1,"ownerPackageName":"com.android.systemui","ownerUserId":0,"tag":"show keyguard"}</string>
  <string>{"flags":1,"ownerPackageName":"android","ownerUserId":0,"tag":"*job*/com.miui.voiceassist/androidx.work.impl.background.systemjob.SystemJobService#15"}</string>
  <string>{"flags":1,"ownerPackageName":"android","ownerUserId":0,"tag":"*job*/@androidx.work.systemjobscheduler@app.revanced.android.photos/androidx.work.impl.background.systemjob.SystemJobService#555000050"}</string>
  <string>{"flags":1,"ownerPackageName":"app.revanced.android.photos","ownerUserId":0,"tag":"BackgroundTaskService-BackupScheduleTask"}</string>
  <string>{"flags":1,"ownerPackageName":"android","ownerUserId":0,"tag":"*job*/@androidx.work.systemjobscheduler@com.coolapk.market/androidx.work.impl.background.systemjob.SystemJobService#137"}</string>
  <string>{"flags":1,"ownerPackageName":"android","ownerUserId":0,"tag":"*job*/com.android.phone/.TelephonyJobService#74664"}</string>
  <string>{"flags":1,"ownerPackageName":"android","ownerUserId":0,"tag":"*job*/@SyncManager@notes/com.xiaomi/2489934427:android#50"}</string>
  <string>{"flags":1,"ownerPackageName":"android","ownerUserId":0,"tag":"*job*/@androidx.work.systemjobscheduler@com.coolapk.market/androidx.work.impl.background.systemjob.SystemJobService#114"}</string>
  <string>{"flags":1,"ownerPackageName":"android","ownerUserId":0,"tag":"*job*/com.miui.voiceassist/com.xiaomi.voiceassistant.VAJobService#110002"}</string>
  <string>{"flags":1,"ownerPackageName":"android","ownerUserId":0,"tag":"*job*/com.xiaomi.xmsf/com.xiaomi.xms.atom.engine.job.ClientAIScheduler#5188"}</string>
  <string>{"flags":1,"ownerPackageName":"com.mojitec.mojidict","ownerUserId":0,"tag":"fiid-sync"}</string>
  <string>{"flags":1,"ownerPackageName":"com.android.bluetooth","ownerUserId":0,"tag":"bluetooth_timer"}</string>
  <string>{"flags":1,"ownerPackageName":"app.revanced.android.photos","ownerUserId":0,"tag":"ChimeExecutorApi::app.revanced.android.photos"}</string>
  <string>{"flags":1,"ownerPackageName":"android","ownerUserId":0,"tag":"*job*/com.miui.systemAdSolution/androidx.work.impl.background.systemjob.SystemJobService#2"}</string>
  <string>{"flags":1,"ownerPackageName":"android","ownerUserId":0,"tag":"*job*/app.revanced.android.photos/com.google.android.libraries.social.async.BackgroundTaskJobService#1043"}</string>
  <string>{"flags":26,"ownerPackageName":"com.android.server.telecom","ownerUserId":0,"tag":"InCallWakeLockController"}</string>
  <string>{"flags":1,"ownerPackageName":"android","ownerUserId":0,"tag":"*job*/com.miui.voiceassist/com.xiaomi.voiceassistant.skills.service.TimingJobService#101"}</string>
  <string>{"flags":1,"ownerPackageName":"android","ownerUserId":0,"tag":"*job*/@SyncManager@notes/com.xiaomi/2489934427:android#40"}</string>
  <string>{"flags":1,"ownerPackageName":"android","ownerUserId":0,"tag":"*job*/@androidx.work.systemjobscheduler@com.coolapk.market/androidx.work.impl.background.systemjob.SystemJobService#126"}</string>
  <string>{"flags":1,"ownerPackageName":"android","ownerUserId":0,"tag":"NotificationManagerService:post:mark.via"}</string>
  <string>{"flags":1,"ownerPackageName":"android","ownerUserId":0,"tag":"NotificationManagerService:post:com.tencent.mm"}</string>
  <string>{"flags":1,"ownerPackageName":"android","ownerUserId":0,"tag":"*job*/@SyncManager@com.miui.gallery.cloud.provider/com.xiaomi/2489934427:android#17"}</string>
  <string>{"flags":1,"ownerPackageName":"android","ownerUserId":0,"tag":"*job*/com.android.providers.media.module/com.android.providers.media.stableuris.job.StableUriIdleMaintenanceService#-500"}</string>
  <string>{"flags":1,"ownerPackageName":"android","ownerUserId":0,"tag":"*job*/com.xiaomi.xmsf/com.xiaomi.xms.atom.engine.job.ClientAIScheduler#5888"}</string>
  <string>{"flags":1,"ownerPackageName":"android","ownerUserId":0,"tag":"NotificationManagerService:post:com.mi.health"}</string>
  <string>{"flags":1,"ownerPackageName":"com.omarea.vtools","ownerUserId":0,"tag":"scene:CompileService"}</string>
  <string>{"flags":1,"ownerPackageName":"android","ownerUserId":0,"tag":"*job*/com.miui.cloudservice/.state.userinfo.PeriodicUploadSyncStatsJobService#223"}</string>
  <string>{"flags":10,"ownerPackageName":"com.android.systemui","ownerUserId":0,"tag":"wireless_charge"}</string>
  <string>{"flags":1,"ownerPackageName":"android","ownerUserId":0,"tag":"*job*/com.miui.weather2/androidx.work.impl.background.systemjob.SystemJobService#101023"}</string>
  <string>{"flags":1,"ownerPackageName":"android","ownerUserId":0,"tag":"NotificationManagerService:post:com.github.kr328.clash.foss"}</string>
  <string>{"flags":1,"ownerPackageName":"android","ownerUserId":0,"tag":"*job*/@SyncManager@com.miui.gallery.cloud.provider/com.xiaomi/2489934427:android#27"}</string>
  <string>{"flags":1,"ownerPackageName":"android","ownerUserId":0,"tag":"*job*/com.google.android.webview/org.chromium.android_webview.nonembedded.AwComponentUpdateService#110"}</string>
  <string>{"flags":1,"ownerPackageName":"android","ownerUserId":0,"tag":"*sync*/com.miui.gallery.cloud.provider/com.xiaomi/2489934427"}</string>
  <string>{"flags":1,"ownerPackageName":"android","ownerUserId":0,"tag":"ArtService"}</string>
  <string>{"flags":1,"ownerPackageName":"android","ownerUserId":0,"tag":"NetworkTimeUpdateService"}</string>
  <string>{"flags":1,"ownerPackageName":"bin.mt.plus","ownerUserId":0,"tag":"bin.mt.plus:AsyncTask"}</string>
  <string>{"flags":1,"ownerPackageName":"android","ownerUserId":0,"tag":"*job*/@androidx.work.systemjobscheduler@com.coolapk.market/androidx.work.impl.background.systemjob.SystemJobService#100"}</string>
  <string>{"flags":1,"ownerPackageName":"android","ownerUserId":0,"tag":"*job*/@androidx.work.systemjobscheduler@com.coolapk.market/androidx.work.impl.background.systemjob.SystemJobService#123"}</string>
  <string>{"flags":1,"ownerPackageName":"android","ownerUserId":0,"tag":"*job*/com.google.android.webview/org.chromium.android_webview.services.AwVariationsSeedFetcher#83"}</string>
  <string>{"flags":1,"ownerPackageName":"android","ownerUserId":0,"tag":"*job*/@SyncManager@com.miui.gallery.cloud.provider/com.xiaomi/2489934427:android#16"}</string>
  <string>{"flags":1,"ownerPackageName":"android","ownerUserId":0,"tag":"*job*/@SyncManager@com.miui.gallery.cloud.provider/com.xiaomi/2489934427:android#39"}</string>
  <string>{"flags":1,"ownerPackageName":"android","ownerUserId":0,"tag":"NotificationManagerService:post:com.xingin.xhs"}</string>
  <string>{"flags":1,"ownerPackageName":"com.android.providers.downloads","ownerUserId":0,"tag":"DownloadManager"}</string>
  <string>{"flags":1,"ownerPackageName":"android","ownerUserId":0,"tag":"*job*/com.xiaomi.xmsf/com.xiaomi.xms.atom.engine.job.ClientAIScheduler#5866"}</string>
  <string>{"flags":1,"ownerPackageName":"android","ownerUserId":0,"tag":"*job*/com.xiaomi.market/.business_core.update.self.SelfUpdateService#10001"}</string>
  <string>{"flags":128,"ownerPackageName":"com.android.systemui","ownerUserId":0,"tag":"aod:dozeHostDrawWakeLock"}</string>
  <string>{"flags":1,"ownerPackageName":"audioserver","ownerUserId":0,"tag":"AudioMix"}</string>
  <string>{"flags":1,"ownerPackageName":"com.tencent.mm","ownerUserId":0,"tag":"WxIndex"}</string>
  <string>{"flags":1,"ownerPackageName":"android","ownerUserId":0,"tag":"NotificationManagerService:post:com.miui.gallery"}</string>
  <string>{"flags":1,"ownerPackageName":"android","ownerUserId":0,"tag":"*location*:GnssLocationProvider"}</string>
  <string>{"flags":1,"ownerPackageName":"android","ownerUserId":0,"tag":"*job*/@androidx.work.systemjobscheduler@app.revanced.android.photos/androidx.work.impl.background.systemjob.SystemJobService#555000052"}</string>
  <string>{"flags":1,"ownerPackageName":"android","ownerUserId":0,"tag":"*job*/@androidx.work.systemjobscheduler@com.coolapk.market/androidx.work.impl.background.systemjob.SystemJobService#135"}</string>
  <string>{"flags":1,"ownerPackageName":"app.revanced.android.photos","ownerUserId":0,"tag":"BackgroundTaskService-LogFirstOpenTask"}</string>
  <string>{"flags":1,"ownerPackageName":"android","ownerUserId":0,"tag":"*job*/com.xiaomi.xmsf/com.xiaomi.xms.atom.engine.job.ClientAIScheduler#5186"}</string>
  <string>{"flags":1,"ownerPackageName":"com.tencent.mm","ownerUserId":0,"tag":"fiid-sync"}</string>
  <string>{"flags":1,"ownerPackageName":"android","ownerUserId":0,"tag":"NotificationManagerService:post:com.xiaomi.market"}</string>
  <string>{"flags":1,"ownerPackageName":"android","ownerUserId":0,"tag":"NotificationManagerService:post:android"}</string>
  <string>{"flags":1,"ownerPackageName":"com.mi.health","ownerUserId":0,"tag":"mifit:IHMActivityDataCallback"}</string>
  <string>{"flags":1,"ownerPackageName":"android","ownerUserId":0,"tag":"*job*/com.miui.systemAdSolution/androidx.work.impl.background.systemjob.SystemJobService#32"}</string>
  <string>{"flags":1,"ownerPackageName":"android","ownerUserId":0,"tag":"*job*/@SyncManager@com.miui.gallery.cloud.provider/com.xiaomi/2489934427:android#26"}</string>
  <string>{"flags":1,"ownerPackageName":"com.android.phone","ownerUserId":0,"tag":"NitzSignalInputFilterPredicateFactory"}</string>
  <string>{"flags":1,"ownerPackageName":"android","ownerUserId":0,"tag":"*job*/com.xiaomi.market/.business_core.subscribe.AutoDownloadScheduler#502"}</string>
  <string>{"flags":1,"ownerPackageName":"android","ownerUserId":0,"tag":"*job*/app.revanced.android.photos/com.google.android.libraries.notifications.entrypoints.scheduled.ScheduledTaskService#605001001"}</string>
  <string>{"flags":1,"ownerPackageName":"android","ownerUserId":0,"tag":"*job*/@androidx.work.systemjobscheduler@com.coolapk.market/androidx.work.impl.background.systemjob.SystemJobService#124"}</string>
  <string>{"flags":1,"ownerPackageName":"com.android.phone","ownerUserId":0,"tag":"SmsCommonEventHelp"}</string>
  <string>{"flags":1,"ownerPackageName":"android","ownerUserId":0,"tag":"NotificationManagerService:post:com.netease.cloudmusic"}</string>
  <string>{"flags":1,"ownerPackageName":"android","ownerUserId":0,"tag":"*job*/@SyncManager@sms/com.xiaomi/2489934427:android#42"}</string>
  <string>{"flags":1,"ownerPackageName":"android","ownerUserId":0,"tag":"*job*/com.xjs.ehviewer/com.google.android.datatransport.runtime.scheduling.jobscheduling.JobInfoSchedulerService#1578184481"}</string>
  <string>{"flags":1,"ownerPackageName":"android","ownerUserId":0,"tag":"*job*/@SyncManager@com.miui.gallery.cloud.provider/com.xiaomi/2489934427:android#38"}</string>
  <string>{"flags":1,"ownerPackageName":"android","ownerUserId":0,"tag":"*job*/@SyncManager@com.miui.gallery.cloud.provider/com.xiaomi/2489934427:android#15"}</string>
  <string>{"flags":1,"ownerPackageName":"android","ownerUserId":0,"tag":"NotificationManagerService:post:com.android.providers.downloads"}</string>
  <string>{"flags":1,"ownerPackageName":"android","ownerUserId":0,"tag":"NotificationManagerService:post:tv.danmaku.bili"}</string>
  <string>{"flags":1,"ownerPackageName":"android","ownerUserId":0,"tag":"*job*/com.xiaomi.market/.business_core.update.self.SelfUpdateService#10000"}</string>
  <string>{"flags":1,"ownerPackageName":"android","ownerUserId":0,"tag":"*job*/com.miui.cloudservice/.alipay.provision.KeyStoreJobService#1101"}</string>
  <string>{"flags":1,"ownerPackageName":"android","ownerUserId":0,"tag":"*job*/@androidx.work.systemjobscheduler@com.coolapk.market/androidx.work.impl.background.systemjob.SystemJobService#113"}</string>
  <string>{"flags":1,"ownerPackageName":"android","ownerUserId":0,"tag":"*job*/app.revanced.android.photos/com.google.android.apps.photos.jobqueue.PhotosJobQueueJobsService#1026"}</string>
  <string>{"flags":1,"ownerPackageName":"android","ownerUserId":0,"tag":"*job*/com.tencent.mm/androidx.work.impl.background.systemjob.SystemJobService#25"}</string>
  <string>{"flags":1,"ownerPackageName":"android","ownerUserId":0,"tag":"*job*/com.miui.voiceassist/com.xiaomi.voiceassistant.VAJobService#110004"}</string>
  <string>{"flags":1,"ownerPackageName":"com.tencent.mm","ownerUserId":0,"tag":"MicroMsg.SyncService"}</string>
  <string>{"flags":1,"ownerPackageName":"android","ownerUserId":0,"tag":"*job*/@SyncManager@com.miui.gallery.cloud.provider/com.xiaomi/2489934427:android#25"}</string>
  <string>{"flags":128,"ownerPackageName":"com.android.systemui","ownerUserId":0,"tag":"updateTime:animationHelper"}</string>
  <string>{"flags":1,"ownerPackageName":"android","ownerUserId":0,"tag":"*alarm*"}</string>
  <string>{"flags":1,"ownerPackageName":"com.android.systemui","ownerUserId":0,"tag":"wake-and-unlock:wakelock"}</string>
  <string>{"flags":1,"ownerPackageName":"android","ownerUserId":0,"tag":"NotificationManagerService:post:com.miui.cleanmaster"}</string>
  <string>{"flags":1,"ownerPackageName":"android","ownerUserId":0,"tag":"*job*/@androidx.work.systemjobscheduler@com.coolapk.market/androidx.work.impl.background.systemjob.SystemJobService#144"}</string>
  <string>{"flags":1,"ownerPackageName":"android","ownerUserId":0,"tag":"NotificationManagerService:post:com.pwrd.steam.esports"}</string>
  <string>{"flags":1,"ownerPackageName":"android","ownerUserId":0,"tag":"*job*/@SyncManager@notes/com.xiaomi/2489934427:android#43"}</string>
  <string>{"flags":1,"ownerPackageName":"android","ownerUserId":0,"tag":"NotificationManagerService:post:com.miui.tsmclient"}</string>
  <string>{"flags":1,"ownerPackageName":"android","ownerUserId":0,"tag":"*job*/@androidx.work.systemjobscheduler@com.coolapk.market/androidx.work.impl.background.systemjob.SystemJobService#121"}</string>
  <string>{"flags":1,"ownerPackageName":"android","ownerUserId":0,"tag":"*job*/com.miui.weather2/androidx.work.impl.background.systemjob.SystemJobService#101016"}</string>
  <string>{"flags":1,"ownerPackageName":"android","ownerUserId":0,"tag":"*job*/@androidx.work.systemjobscheduler@app.revanced.android.photos/androidx.work.impl.background.systemjob.SystemJobService#555000042"}</string>
  <string>{"flags":1,"ownerPackageName":"android","ownerUserId":0,"tag":"*job*/@androidx.work.systemjobscheduler@com.coolapk.market/androidx.work.impl.background.systemjob.SystemJobService#77"}</string>
  <string>{"flags":1,"ownerPackageName":"android","ownerUserId":0,"tag":"*job*/com.tencent.mm/androidx.work.impl.background.systemjob.SystemJobService#18"}</string>
  <string>{"flags":1,"ownerPackageName":"android","ownerUserId":0,"tag":"*job*/@SyncManager@com.miui.gallery.cloud.provider/com.xiaomi/2489934427:android#2"}</string>
  <string>{"flags":1,"ownerPackageName":"android","ownerUserId":0,"tag":"*job*/com.miui.voiceassist/androidx.work.impl.background.systemjob.SystemJobService#19"}</string>
  <string>{"flags":1,"ownerPackageName":"android","ownerUserId":0,"tag":"*job*/com.xiaomi.xmsf/com.xiaomi.xms.atom.engine.job.ClientAIScheduler#5868"}</string>
  <string>{"flags":1,"ownerPackageName":"android","ownerUserId":0,"tag":"*job*/@SyncManager@com.miui.gallery.cloud.provider/com.xiaomi/2489934427:android#14"}</string>
  <string>{"flags":1,"ownerPackageName":"android","ownerUserId":0,"tag":"*job*/@SyncManager@com.miui.gallery.cloud.provider/com.xiaomi/2489934427:android#37"}</string>
  <string>{"flags":1,"ownerPackageName":"android","ownerUserId":0,"tag":"*job*/com.xiaomi.market/.service.CommonMarketService#20100"}</string>
  <string>{"flags":1,"ownerPackageName":"android","ownerUserId":0,"tag":"NotificationManagerService:post:com.android.providers.contacts"}</string>
  <string>{"flags":1,"ownerPackageName":"android","ownerUserId":0,"tag":"NotificationManagerService:post:com.mediatek.omacp"}</string>
  <string>{"flags":1,"ownerPackageName":"android","ownerUserId":0,"tag":"NotificationManagerService:post:com.xiaomi.aicr"}</string>
  <string>{"flags":1,"ownerPackageName":"android","ownerUserId":0,"tag":"*job*/com.miui.cloudservice/.alipay.provision.KeyStoreJobService#1100"}</string>
  <string>{"flags":1,"ownerPackageName":"android","ownerUserId":0,"tag":"*job*/@androidx.work.systemjobscheduler@com.coolapk.market/androidx.work.impl.background.systemjob.SystemJobService#88"}</string>
  <string>{"flags":1,"ownerPackageName":"com.android.cellbroadcastservice","ownerUserId":0,"tag":"CdmaServiceCategoryProgramHandler"}</string>
  <string>{"flags":1,"ownerPackageName":"android","ownerUserId":0,"tag":"*job*/com.miui.voiceassist/com.xiaomi.voiceassistant.VAJobService#110005"}</string>
  <string>{"flags":1,"ownerPackageName":"com.miui.powerkeeper","ownerUserId":0,"tag":"phoneSleepMode:sleep_enter"}</string>
  <string>{"flags":1,"ownerPackageName":"android","ownerUserId":0,"tag":"*job*/@androidx.work.systemjobscheduler@com.coolapk.market/androidx.work.impl.background.systemjob.SystemJobService#87"}</string>
  <string>{"flags":1,"ownerPackageName":"android","ownerUserId":0,"tag":"NotificationManagerService:post:com.android.incallui"}</string>
  <string>{"flags":1,"ownerPackageName":"android","ownerUserId":0,"tag":"*job*/@androidx.work.systemjobscheduler@app.revanced.android.photos/androidx.work.impl.background.systemjob.SystemJobService#555000030"}</string>
  <string>{"flags":1,"ownerPackageName":"android","ownerUserId":0,"tag":"*job*/@SyncManager@com.miui.gallery.cloud.provider/com.xiaomi/2489934427:android#24"}</string>
  <string>{"flags":1,"ownerPackageName":"android","ownerUserId":0,"tag":"*job*/com.miui.analytics/.internal.JobSchedulerService#1"}</string>
  <string>{"flags":1,"ownerPackageName":"app.revanced.android.photos","ownerUserId":0,"tag":"BackgroundTaskService-PhotosBackupTask"}</string>
  <string>{"flags":1,"ownerPackageName":"android","ownerUserId":0,"tag":"*job*/@SyncManager@notes/com.xiaomi/2489934427:android#44"}</string>
  <string>{"flags":1,"ownerPackageName":"android","ownerUserId":0,"tag":"*job*/com.miui.weather2/androidx.work.impl.background.systemjob.SystemJobService#101015"}</string>
  <string>{"flags":1,"ownerPackageName":"android","ownerUserId":0,"tag":"*job*/@androidx.work.systemjobscheduler@app.revanced.android.photos/androidx.work.impl.background.systemjob.SystemJobService#555000041"}</string>
  <string>{"flags":1,"ownerPackageName":"android","ownerUserId":0,"tag":"*job*/com.xiaomi.market/.service.ActiveRemindJobService#690"}</string>
  <string>{"flags":1,"ownerPackageName":"org.telegram.messenger.web","ownerUserId":0,"tag":"telegram:notification_delay_lock"}</string>
  <string>{"flags":1,"ownerPackageName":"android","ownerUserId":0,"tag":"*job*/@androidx.work.systemjobscheduler@com.coolapk.market/androidx.work.impl.background.systemjob.SystemJobService#99"}</string>
  <string>{"flags":1,"ownerPackageName":"android","ownerUserId":0,"tag":"*job*/@androidx.work.systemjobscheduler@com.coolapk.market/androidx.work.impl.background.systemjob.SystemJobService#98"}</string>
  <string>{"flags":1,"ownerPackageName":"android","ownerUserId":0,"tag":"*job*/@androidx.work.systemjobscheduler@com.coolapk.market/androidx.work.impl.background.systemjob.SystemJobService#75"}</string>
  <string>{"flags":1,"ownerPackageName":"android","ownerUserId":0,"tag":"SyncLoopWakeLock"}</string>
  <string>{"flags":1,"ownerPackageName":"android","ownerUserId":0,"tag":"*job*/com.android.phone/.FiveGCloudSyncJobService#78888"}</string>
  <string>{"flags":1,"ownerPackageName":"android","ownerUserId":0,"tag":"*job*/@SyncManager@com.miui.gallery.cloud.provider/com.xiaomi/2489934427:android#59"}</string>
  <string>{"flags":1,"ownerPackageName":"android","ownerUserId":0,"tag":"*job*/@SyncManager@com.miui.gallery.cloud.provider/com.xiaomi/2489934427:android#3"}</string>
  <string>{"flags":1,"ownerPackageName":"android","ownerUserId":0,"tag":"*job*/@SyncManager@com.miui.gallery.cloud.provider/com.xiaomi/2489934427:android#36"}</string>
  <string>{"flags":1,"ownerPackageName":"android","ownerUserId":0,"tag":"*job*/com.android.mms/com.miui.smsextra.service.TeddyADJobScheduler#12"}</string>
  <string>{"flags":1,"ownerPackageName":"android","ownerUserId":0,"tag":"ConnectivityService"}</string>
  <string>{"flags":1,"ownerPackageName":"android","ownerUserId":0,"tag":"*job*/com.android.networkstack/.ipmemorystore.RegularMaintenanceJobService#3345678"}</string>
  <string>{"flags":1,"ownerPackageName":"android","ownerUserId":0,"tag":"*job*/@androidx.work.systemjobscheduler@com.coolapk.market/androidx.work.impl.background.systemjob.SystemJobService#111"}</string>
  <string>{"flags":1,"ownerPackageName":"com.xiaomi.finddevice","ownerUserId":0,"tag":":FindDeviceJobExecutorWakeLock"}</string>
  <string>{"flags":1,"ownerPackageName":"com.mediatek.omacp","ownerUserId":0,"tag":"StartingAlertService"}</string>
  <string>{"flags":1,"ownerPackageName":"com.miui.cloudbackup","ownerUserId":0,"tag":"CloudBackup:BackupSession"}</string>
  <string>{"flags":1,"ownerPackageName":"com.android.systemui","ownerUserId":0,"tag":"lockoutResetCallback"}</string>
  <string>{"flags":1,"ownerPackageName":"android","ownerUserId":0,"tag":"*job*/com.miui.voiceassist/com.xiaomi.voiceassistant.VAJobService#110006"}</string>
  <string>{"flags":1,"ownerPackageName":"android","ownerUserId":0,"tag":"*job*/com.miui.gallery/.pendingtask.base.PendingTaskService#1001"}</string>
  <string>{"flags":1,"ownerPackageName":"android","ownerUserId":0,"tag":"*job*/com.miui.systemAdSolution/androidx.work.impl.background.systemjob.SystemJobService#35"}</string>
  <string>{"flags":1,"ownerPackageName":"com.taobao.idlefish","ownerUserId":0,"tag":"bifrost.WakerLock"}</string>
  <string>{"flags":1,"ownerPackageName":"android","ownerUserId":0,"tag":"*job*/@SyncManager@com.miui.gallery.cloud.provider/com.xiaomi/2489934427:android#23"}</string>
  <string>{"flags":1,"ownerPackageName":"android","ownerUserId":0,"tag":"*job*/com.miui.tsmclient/androidx.work.impl.background.systemjob.SystemJobService#5"}</string>
  <string>{"flags":1,"ownerPackageName":"android","ownerUserId":0,"tag":"*job*/com.miui.contentextension/.services.CloudSyncJobService#20002000"}</string>
  <string>{"flags":1,"ownerPackageName":"android","ownerUserId":0,"tag":"*job*/com.miui.hybrid/.job.JobService#1"}</string>
  <string>{"flags":1,"ownerPackageName":"com.android.nfc","ownerUserId":0,"tag":"NfcService:mRoutingWakeLock"}</string>
  <string>{"flags":1,"ownerPackageName":"com.android.systemui","ownerUserId":0,"tag":"DozeHost"}</string>
  <string>{"flags":1,"ownerPackageName":"android","ownerUserId":0,"tag":"*job*/@androidx.work.systemjobscheduler@com.coolapk.market/androidx.work.impl.background.systemjob.SystemJobService#79"}</string>
  <string>{"flags":1,"ownerPackageName":"com.android.phone","ownerUserId":0,"tag":"*telephony-radio*"}</string>
  <string>{"flags":1,"ownerPackageName":"android","ownerUserId":0,"tag":"*job*/@androidx.work.systemjobscheduler@app.revanced.android.photos/androidx.work.impl.background.systemjob.SystemJobService#555000044"}</string>
  <string>{"flags":128,"ownerPackageName":"com.android.systemui","ownerUserId":0,"tag":"AODUpdatePositionController"}</string>
  <string>{"flags":1,"ownerPackageName":"com.android.systemui","ownerUserId":0,"tag":"MiuiDozeScreenBrightnessController"}</string>
  <string>{"flags":1,"ownerPackageName":"android","ownerUserId":0,"tag":"*job*/@SyncManager@com.miui.gallery.cloud.provider/com.xiaomi/2489934427:android#58"}</string>
  <string>{"flags":1,"ownerPackageName":"android","ownerUserId":0,"tag":"*job*/@SyncManager@com.miui.gallery.cloud.provider/com.xiaomi/2489934427:android#35"}</string>
  <string>{"flags":1,"ownerPackageName":"android","ownerUserId":0,"tag":"*job*/com.android.deskclock/.JobSchedulerService#1002"}</string>
  <string>{"flags":1,"ownerPackageName":"android","ownerUserId":0,"tag":"deviceidle_maint"}</string>
  <string>{"flags":1,"ownerPackageName":"com.tencent.mm","ownerUserId":0,"tag":"MicroMsg.MMAutoAuth"}</string>
  <string>{"flags":1,"ownerPackageName":"android","ownerUserId":0,"tag":"*job*/com.miui.cloudservice/.cta.CTAStateCheckJobService#29"}</string>
  <string>{"flags":1,"ownerPackageName":"android","ownerUserId":0,"tag":"*job*/com.miui.cloudbackup/.service.NotBackupNotificationCheckJobService#6"}</string>
  <string>{"flags":1,"ownerPackageName":"android","ownerUserId":0,"tag":"NotificationManagerService:post:com.miui.securitycenter"}</string>
  <string>{"flags":1,"ownerPackageName":"com.tencent.mm","ownerUserId":0,"tag":"push_wake"}</string>
  <string>{"flags":1,"ownerPackageName":"android","ownerUserId":0,"tag":"*job*/com.miui.voiceassist/com.xiaomi.voiceassistant.VAJobService#110007"}</string>
  <string>{"flags":1,"ownerPackageName":"android","ownerUserId":0,"tag":"*sync*/com.android.bluetooth.ble.app.headsetdata.provider/com.xiaomi/2489934427"}</string>
  <string>{"flags":1,"ownerPackageName":"android","ownerUserId":0,"tag":"*job*/@androidx.work.systemjobscheduler@app.revanced.android.photos/androidx.work.impl.background.systemjob.SystemJobService#555000056"}</string>
  <string>{"flags":1,"ownerPackageName":"android","ownerUserId":0,"tag":"PhoneWindowManager.mPowerKeyWakeLock"}</string>
  <string>{"flags":1,"ownerPackageName":"android","ownerUserId":0,"tag":"*job*/@SyncManager@com.miui.gallery.cloud.provider/com.xiaomi/2489934427:android#22"}</string>
  <string>{"flags":1,"ownerPackageName":"android","ownerUserId":0,"tag":"NotificationManagerService:post:com.tencent.mobileqq"}</string>
  <string>{"flags":1,"ownerPackageName":"android","ownerUserId":0,"tag":"*job*/@androidx.work.systemjobscheduler@com.coolapk.market/androidx.work.impl.background.systemjob.SystemJobService#143"}</string>
  <string>{"flags":1,"ownerPackageName":"android","ownerUserId":0,"tag":"*job*/@androidx.work.systemjobscheduler@com.coolapk.market/androidx.work.impl.background.systemjob.SystemJobService#120"}</string>
  <string>{"flags":1,"ownerPackageName":"android","ownerUserId":0,"tag":"NotificationManagerService:post:com.miui.weather2"}</string>
  <string>{"flags":1,"ownerPackageName":"android","ownerUserId":0,"tag":"AnyMotionDetector"}</string>
  <string>{"flags":1,"ownerPackageName":"android","ownerUserId":0,"tag":"*job*/com.android.htmlviewer/com.android.settings.cloud.CloudJobService2#44000"}</string>
  <string>{"flags":1,"ownerPackageName":"android","ownerUserId":0,"tag":"*job*/com.miui.weather2/androidx.work.impl.background.systemjob.SystemJobService#101017"}</string>
  <string>{"flags":1,"ownerPackageName":"android","ownerUserId":0,"tag":"*job*/@androidx.work.systemjobscheduler@app.revanced.android.photos/androidx.work.impl.background.systemjob.SystemJobService#555000043"}</string>
  <string>{"flags":1,"ownerPackageName":"android","ownerUserId":0,"tag":"NotificationManagerService:post:com.huanchengfly.tieba.post"}</string>
  <string>{"flags":1,"ownerPackageName":"android","ownerUserId":0,"tag":"*job*/com.android.providers.media.module/com.android.providers.media.IdleService#-200"}</string>
  <string>{"flags":1,"ownerPackageName":"app.revanced.android.photos","ownerUserId":0,"tag":"FetchAccountProperties"}</string>
  <string>{"flags":1,"ownerPackageName":"android","ownerUserId":0,"tag":"*job*/@SyncManager@com.miui.gallery.cloud.provider/com.xiaomi/2489934427:android#1"}</string>
  <string>{"flags":1,"ownerPackageName":"android","ownerUserId":0,"tag":"*job*/@SyncManager@com.miui.gallery.cloud.provider/com.xiaomi/2489934427:android#34"}</string>
  <string>{"flags":1,"ownerPackageName":"android","ownerUserId":0,"tag":"*job*/@SyncManager@com.miui.gallery.cloud.provider/com.xiaomi/2489934427:android#57"}</string>
  <string>{"flags":1,"ownerPackageName":"android","ownerUserId":0,"tag":"*job*/com.android.deskclock/.JobSchedulerService#1001"}</string>
  <string>{"flags":1,"ownerPackageName":"android","ownerUserId":0,"tag":"*job*/com.miui.voiceassist/androidx.work.impl.background.systemjob.SystemJobService#5"}</string>
  <string>{"flags":1,"ownerPackageName":"android","ownerUserId":0,"tag":"*job*/@androidx.work.systemjobscheduler@com.coolapk.market/androidx.work.impl.background.systemjob.SystemJobService#132"}</string>
  <string>{"flags":1,"ownerPackageName":"android","ownerUserId":0,"tag":"NotificationManagerService:post:com.miui.thirdappassistant"}</string>
  <string>{"flags":1,"ownerPackageName":"android","ownerUserId":0,"tag":"NotificationManagerService:post:com.xiaomi.mi_connect_service"}</string>
  <string>{"flags":1,"ownerPackageName":"android","ownerUserId":0,"tag":"*job*/com.miui.voiceassist/com.xiaomi.voiceassistant.VAJobService#110008"}</string>
  <string>{"flags":1,"ownerPackageName":"android","ownerUserId":0,"tag":"*job*/@androidx.work.systemjobscheduler@com.coolapk.market/androidx.work.impl.background.systemjob.SystemJobService#89"}</string>
  <string>{"flags":1,"ownerPackageName":"android","ownerUserId":0,"tag":"NotificationManagerService:post:com.miui.screenshot"}</string>
  <string>{"flags":1,"ownerPackageName":"android","ownerUserId":0,"tag":"*job*/@androidx.work.systemjobscheduler@app.revanced.android.photos/androidx.work.impl.background.systemjob.SystemJobService#555000055"}</string>
  <string>{"flags":1,"ownerPackageName":"android","ownerUserId":0,"tag":"*job*/com.xiaomi.aicr/androidx.work.impl.background.systemjob.SystemJobService#0"}</string>
  <string>{"flags":1,"ownerPackageName":"android","ownerUserId":0,"tag":"*job*/com.miui.cloudbackup/.cloudcontrol.FetchCloudConfigJobService#2"}</string>
  <string>{"flags":1,"ownerPackageName":"com.android.providers.calendar","ownerUserId":0,"tag":"CalendarReceiver_Provider"}</string>
  <string>{"flags":1,"ownerPackageName":"android","ownerUserId":0,"tag":"*job*/@androidx.work.systemjobscheduler@com.coolapk.market/androidx.work.impl.background.systemjob.SystemJobService#84"}</string>
  <string>{"flags":1,"ownerPackageName":"com.xingin.xhs","ownerUserId":0,"tag":"Mars::MicroMsg.WakerLock"}</string>
  <string>{"flags":1,"ownerPackageName":"app.revanced.android.photos","ownerUserId":0,"tag":"androidx.core:wake:app.revanced.android.photos/com.google.android.libraries.social.mediamonitor.BackgroundThreadNotifierIntentService"}</string>
  <string>{"flags":1,"ownerPackageName":"com.android.mms","ownerUserId":0,"tag":"Mms:WakenService"}</string>
  <string>{"flags":1,"ownerPackageName":"com.android.phone","ownerUserId":0,"tag":"ImsPhoneConnection"}</string>
  <string>{"flags":1,"ownerPackageName":"android","ownerUserId":0,"tag":"*job*/com.miui.cloudservice/.state.userinfo.PeriodicQueryMemberInfoJobService#175"}</string>
  <string>{"flags":1,"ownerPackageName":"android","ownerUserId":0,"tag":"*job*/@SyncManager@com.miui.gallery.cloud.provider/com.xiaomi/2489934427:android#21"}</string>
  <string>{"flags":536870913,"ownerPackageName":"com.netease.cloudmusic","ownerUserId":0,"tag":"com.netease.cloudmusic.media.audioplayer.NCMAudioPlayer"}</string>
  <string>{"flags":1,"ownerPackageName":"bin.mt.plus","ownerUserId":0,"tag":"bin.mt.plus:Task"}</string>
  <string>{"flags":1,"ownerPackageName":"android","ownerUserId":0,"tag":"*job*/com.miui.voiceassist/androidx.work.impl.background.systemjob.SystemJobService#2"}</string>
  <string>{"flags":1,"ownerPackageName":"app.revanced.android.photos","ownerUserId":0,"tag":"BackgroundTaskService-UpdateFlagsTask"}</string>
  <string>{"flags":1,"ownerPackageName":"com.xiaomi.xmsf","ownerUserId":0,"tag":"com.xiaomi.xmsf:passthrough"}</string>
  <string>{"flags":1,"ownerPackageName":"android","ownerUserId":0,"tag":"NotificationManagerService:post:com.xiaomi.mirror"}</string>
  <string>{"flags":1,"ownerPackageName":"com.android.phone","ownerUserId":0,"tag":"CdmaInboundSmsHandler"}</string>
  <string>{"flags":1,"ownerPackageName":"android","ownerUserId":0,"tag":"dream:dream"}</string>
  <string>{"flags":1,"ownerPackageName":"android","ownerUserId":0,"tag":"*job*/@androidx.work.systemjobscheduler@app.revanced.android.photos/androidx.work.impl.background.systemjob.SystemJobService#555000046"}</string>
  <string>{"flags":1,"ownerPackageName":"com.mediatek.ims","ownerUserId":0,"tag":"IMSRIL_ACK_WL"}</string>
  <string>{"flags":1,"ownerPackageName":"android","ownerUserId":0,"tag":"*job*/@SyncManager@com.miui.gallery.cloud.provider/com.xiaomi/2489934427:android#6"}</string>
  <string>{"flags":1,"ownerPackageName":"com.xiaomi.market","ownerUserId":0,"tag":"com.xiaomi.market.data.WakeLockManager/CheckDownloadService"}</string>
  <string>{"flags":1,"ownerPackageName":"android","ownerUserId":0,"tag":"*job*/@androidx.work.systemjobscheduler@com.coolapk.market/androidx.work.impl.background.systemjob.SystemJobService#95"}</string>
  <string>{"flags":1,"ownerPackageName":"android","ownerUserId":0,"tag":"*job*/@SyncManager@com.miui.gallery.cloud.provider/com.xiaomi/2489934427:android#56"}</string>
  <string>{"flags":1,"ownerPackageName":"com.android.systemui","ownerUserId":0,"tag":"fingerprint"}</string>
  <string>{"flags":1,"ownerPackageName":"android","ownerUserId":0,"tag":"*job*/@SyncManager@com.miui.gallery.cloud.provider/com.xiaomi/2489934427:android#33"}</string>
  <string>{"flags":1,"ownerPackageName":"com.miui.voiceassist","ownerUserId":0,"tag":"VoiceService:voice_service_cpu"}</string>
  <string>{"flags":1,"ownerPackageName":"android","ownerUserId":0,"tag":"*job*/@androidx.work.systemjobscheduler@app.revanced.android.photos/androidx.work.impl.background.systemjob.SystemJobService#555000058"}</string>
  <string>{"flags":1,"ownerPackageName":"android","ownerUserId":0,"tag":"*job*/@androidx.work.systemjobscheduler@com.coolapk.market/androidx.work.impl.background.systemjob.SystemJobService#83"}</string>
  <string>{"flags":1,"ownerPackageName":"android","ownerUserId":0,"tag":"*job*/@androidx.work.systemjobscheduler@app.revanced.android.photos/androidx.work.impl.background.systemjob.SystemJobService#555000034"}</string>
  <string>{"flags":1,"ownerPackageName":"android","ownerUserId":0,"tag":"*job*/@SyncManager@wifi/com.xiaomi/2489934427:android#45"}</string>
  <string>{"flags":1,"ownerPackageName":"android","ownerUserId":0,"tag":"*job*/com.miui.weather2/androidx.work.impl.background.systemjob.SystemJobService#101019"}</string>
  <string>{"flags":1,"ownerPackageName":"android","ownerUserId":0,"tag":"NotificationManagerService:post:com.miui.voicetrigger"}</string>
  <string>{"flags":1,"ownerPackageName":"com.miui.cloudservice","ownerUserId":0,"tag":"push:micloudpush.pushmessage"}</string>
  <string>{"flags":1,"ownerPackageName":"android","ownerUserId":0,"tag":"*job*/@SyncManager@com.miui.gallery.cloud.provider/com.xiaomi/2489934427:android#20"}</string>
  <string>{"flags":1,"ownerPackageName":"android","ownerUserId":0,"tag":"handleAudioEvent"}</string>
  <string>{"flags":1,"ownerPackageName":"android","ownerUserId":0,"tag":"*job*/com.miui.hybrid/.job.JobService#0"}</string>
  <string>{"flags":128,"ownerPackageName":"com.android.systemui","ownerUserId":0,"tag":"gxzw"}</string>
  <string>{"flags":1,"ownerPackageName":"com.tencent.mm","ownerUserId":0,"tag":"MicroMsg.Alarm"}</string>
  <string>{"flags":1,"ownerPackageName":"android","ownerUserId":0,"tag":"*job*/com.miui.voiceassist/com.xiaomi.assist.report.AliveJobService#111009"}</string>
  <string>{"flags":1,"ownerPackageName":"com.android.phone","ownerUserId":0,"tag":"GsmInboundSmsHandler"}</string>
  <string>{"flags":1,"ownerPackageName":"com.mediatek.ims","ownerUserId":0,"tag":"MwiRIL"}</string>
  <string>{"flags":1,"ownerPackageName":"android","ownerUserId":0,"tag":"NotificationManagerService:post:cn.lyric.getter"}</string>
  <string>{"flags":1,"ownerPackageName":"android","ownerUserId":0,"tag":"*job*/@androidx.work.systemjobscheduler@com.coolapk.market/androidx.work.impl.background.systemjob.SystemJobService#141"}</string>
  <string>{"flags":1,"ownerPackageName":"android","ownerUserId":0,"tag":"*job*/com.android.thememanager/.service.ThemeSchedulerService#517"}</string>
  <string>{"flags":1,"ownerPackageName":"android","ownerUserId":0,"tag":"*job*/com.miui.cloudservice/.finddevice.FindDeviceGuidePeriodicNotificationJob#31"}</string>
  <string>{"flags":1,"ownerPackageName":"android","ownerUserId":0,"tag":"*job*/app.revanced.android.photos/com.google.android.apps.photos.dbprocessor.impl.DatabaseProcessorJobService#1033"}</string>
  <string>{"flags":1,"ownerPackageName":"android","ownerUserId":0,"tag":"*job*/@androidx.work.systemjobscheduler@app.revanced.android.photos/androidx.work.impl.background.systemjob.SystemJobService#555000045"}</string>
  <string>{"flags":1,"ownerPackageName":"android","ownerUserId":0,"tag":"*job*/@androidx.work.systemjobscheduler@com.coolapk.market/androidx.work.impl.background.systemjob.SystemJobService#94"}</string>
  <string>{"flags":1,"ownerPackageName":"android","ownerUserId":0,"tag":"NotificationManagerService:post:com.miui.misound"}</string>
  <string>{"flags":1,"ownerPackageName":"android","ownerUserId":0,"tag":"*job*/@androidx.work.systemjobscheduler@com.coolapk.market/androidx.work.impl.background.systemjob.SystemJobService#71"}</string>
  <string>{"flags":1,"ownerPackageName":"android","ownerUserId":0,"tag":"NotificationManagerService:post:bin.mt.plus"}</string>
  <string>{"flags":128,"ownerPackageName":"com.android.systemui","ownerUserId":0,"tag":"DozeUi"}</string>
  <string>{"flags":1,"ownerPackageName":"android","ownerUserId":0,"tag":"*job*/com.miui.weather2/androidx.work.impl.background.systemjob.SystemJobService#101008"}</string>
  <string>{"flags":1,"ownerPackageName":"android","ownerUserId":0,"tag":"*job*/@SyncManager@com.miui.gallery.cloud.provider/com.xiaomi/2489934427:android#7"}</string>
  <string>{"flags":1,"ownerPackageName":"android","ownerUserId":0,"tag":"*job*/com.android.deskclock/.JobSchedulerService#1003"}</string>
  <string>{"flags":1,"ownerPackageName":"android","ownerUserId":0,"tag":"*job*/@SyncManager@com.miui.gallery.cloud.provider/com.xiaomi/2489934427:android#32"}</string>
  <string>{"flags":1,"ownerPackageName":"android","ownerUserId":0,"tag":"NotificationManagerService:post:com.samsung.agc.gcam84"}</string>
  <string>{"flags":1,"ownerPackageName":"android","ownerUserId":0,"tag":"*location*:PsdsDownload"}</string>
  <string>{"flags":1,"ownerPackageName":"android","ownerUserId":0,"tag":"*job*/com.xiaomi.account/.config.notification.LoginPushJobService#80"}</string>
  <string>{"flags":6,"ownerPackageName":"com.android.incallui","ownerUserId":0,"tag":"InCallPresenterDimmed"}</string>
  <string>{"flags":1,"ownerPackageName":"android","ownerUserId":0,"tag":"*job*/@androidx.work.systemjobscheduler@app.revanced.android.photos/androidx.work.impl.background.systemjob.SystemJobService#555000057"}</string>
  <string>{"flags":1,"ownerPackageName":"android","ownerUserId":0,"tag":"*job*/com.miui.cloudservice/.stat.StatService#63"}</string>
  <string>{"flags":1,"ownerPackageName":"android","ownerUserId":0,"tag":"NotificationManagerService:post:com.xiaomi.simactivate.service"}</string>
  <string>{"flags":1,"ownerPackageName":"android","ownerUserId":0,"tag":"WiredAccessoryManager"}</string>
  <string>{"flags":1,"ownerPackageName":"android","ownerUserId":0,"tag":"*job*/com.xiaomi.xmsf/androidx.work.impl.background.systemjob.SystemJobService#2"}</string>
  <string>{"flags":1,"ownerPackageName":"android","ownerUserId":0,"tag":"*sync*/sms/com.xiaomi/2489934427"}</string>
  <string>{"flags":1,"ownerPackageName":"android","ownerUserId":0,"tag":"*job*/com.miui.voiceassist/androidx.work.impl.background.systemjob.SystemJobService#21"}</string>
  <string>{"flags":1,"ownerPackageName":"com.mediatek.voicecommand","ownerUserId":0,"tag":"@M_PeriodicScheduleTaskPDK"}</string>
  <string>{"flags":1,"ownerPackageName":"android","ownerUserId":0,"tag":"NetworkStats"}</string>
  <string>{"flags":1,"ownerPackageName":"com.tencent.mm","ownerUserId":0,"tag":"MicroMsg.CoreService"}</string>
  <string>{"flags":1,"ownerPackageName":"android","ownerUserId":0,"tag":"*location*"}</string>
  <string>{"flags":1,"ownerPackageName":"android","ownerUserId":0,"tag":"*job*/com.huanchengfly.tieba.post/.services.NotifyJobService#5172"}</string>
  <string>{"flags":1,"ownerPackageName":"android","ownerUserId":0,"tag":"*job*/@androidx.work.systemjobscheduler@app.revanced.android.photos/androidx.work.impl.background.systemjob.SystemJobService#555000049"}</string>
  <string>{"flags":1,"ownerPackageName":"android","ownerUserId":0,"tag":"*job*/com.mi.health/com.xiaomi.fitness.sync.SyncJobService#9999"}</string>
  <string>{"flags":1,"ownerPackageName":"com.android.networkstack","ownerUserId":0,"tag":"DhcpClient"}</string>
  <string>{"flags":1,"ownerPackageName":"android","ownerUserId":0,"tag":"*job*/@SyncManager@com.miui.gallery.cloud.provider/com.xiaomi/2489934427:android#31"}</string>
  <string>{"flags":1,"ownerPackageName":"android","ownerUserId":0,"tag":"*job*/@SyncManager@com.miui.gallery.cloud.provider/com.xiaomi/2489934427:android#54"}</string>
  <string>{"flags":1,"ownerPackageName":"com.omarea.vtools","ownerUserId":0,"tag":"scene:BootService"}</string>
  <string>{"flags":1,"ownerPackageName":"android","ownerUserId":0,"tag":"*sync*/notes/com.xiaomi/2489934427"}</string>
  <string>{"flags":1,"ownerPackageName":"android","ownerUserId":0,"tag":"*job*/@SyncManager@com.android.bluetooth.ble.app.headsetdata.provider/com.xiaomi/2489934427:android#49"}</string>
  <string>{"flags":1,"ownerPackageName":"android","ownerUserId":0,"tag":"*job*/@SyncManager@com.android.bluetooth.ble.app.headsetdata.provider/com.xiaomi/2489934427:android#0"}</string>
  <string>{"flags":1,"ownerPackageName":"com.tencent.mm","ownerUserId":0,"tag":"StnManagerCallback"}</string>
  <string>{"flags":1,"ownerPackageName":"android","ownerUserId":0,"tag":"*job*/com.lbe.security.miui/com.lbe.security.service.provider.internal.CloudSyncJobService#205"}</string>
  <string>{"flags":1,"ownerPackageName":"android","ownerUserId":0,"tag":"*job*/com.lbe.security.miui/com.miui.privacy.autostart.AutoStartJobService#333"}</string>
  <string>{"flags":1,"ownerPackageName":"android","ownerUserId":0,"tag":"*job*/com.tencent.mobileqq/.msf.service.MSFAliveJobService#1"}</string>
  <string>{"flags":1,"ownerPackageName":"android","ownerUserId":0,"tag":"*job*/com.xiaomi.market/.service.CommonMarketService#20200"}</string>
  <string>{"flags":1,"ownerPackageName":"android","ownerUserId":0,"tag":"*job*/@androidx.work.systemjobscheduler@com.coolapk.market/androidx.work.impl.background.systemjob.SystemJobService#109"}</string>
  <string>{"flags":1,"ownerPackageName":"android","ownerUserId":0,"tag":"*job*/@androidx.work.systemjobscheduler@app.revanced.android.photos/androidx.work.impl.background.systemjob.SystemJobService#555000013"}</string>
  <string>{"flags":1,"ownerPackageName":"android","ownerUserId":0,"tag":"NotificationManagerService:post:com.android.thememanager"}</string>
  <string>{"flags":1,"ownerPackageName":"com.android.phone","ownerUserId":0,"tag":"RILJ_ACK_WL"}</string>
  <string>{"flags":1,"ownerPackageName":"android","ownerUserId":0,"tag":"*job*/@androidx.work.systemjobscheduler@com.coolapk.market/androidx.work.impl.background.systemjob.SystemJobService#85"}</string>
  <string>{"flags":1,"ownerPackageName":"app.revanced.android.photos","ownerUserId":0,"tag":"fiid-sync"}</string>
  <string>{"flags":1,"ownerPackageName":"com.tencent.mm","ownerUserId":0,"tag":"PlatformComm"}</string>
  <string>{"flags":1,"ownerPackageName":"android","ownerUserId":0,"tag":"*job*/@SyncManager@com.miui.gallery.cloud.provider/com.xiaomi/2489934427:android#41"}</string>
  <string>{"flags":1,"ownerPackageName":"android","ownerUserId":0,"tag":"*job*/com.miui.cloudservice/.notification.MiCloudSyncNotificationService#79"}</string>
  <string>{"flags":1,"ownerPackageName":"android","ownerUserId":0,"tag":"*job*/com.xiaomi.market/.business_core.subscribe.AutoDownloadScheduler#551"}</string>
  <string>{"flags":1,"ownerPackageName":"android","ownerUserId":0,"tag":"*job*/com.miui.voiceassist/androidx.work.impl.background.systemjob.SystemJobService#20"}</string>
  <string>{"flags":1,"ownerPackageName":"com.xiaomi.metoknlp","ownerUserId":0,"tag":"com.xiaomi.location.c.c.e"}</string>
  <string>{"flags":1,"ownerPackageName":"app.revanced.android.photos","ownerUserId":0,"tag":"BackgroundTaskService-PhotosUnltdBackupTask"}</string>
  <string>{"flags":1,"ownerPackageName":"android","ownerUserId":0,"tag":"*job*/com.android.providers.media.module/com.android.providers.media.MediaService#-300"}</string>
  <string>{"flags":1,"ownerPackageName":"android","ownerUserId":0,"tag":"NotificationManagerService:post:com.miui.voiceassist"}</string>
  <string>{"flags":1,"ownerPackageName":"android","ownerUserId":0,"tag":"NotificationManagerService:post:com.coolapk.market"}</string>
  <string>{"flags":268435466,"ownerPackageName":"com.miui.voiceassist","ownerUserId":0,"tag":"xiaoai:ScreenWakeLockManager"}</string>
  <string>{"flags":128,"ownerPackageName":"com.android.systemui","ownerUserId":0,"tag":"AODView"}</string>
  <string>{"flags":1,"ownerPackageName":"android","ownerUserId":0,"tag":"*job*/@androidx.work.systemjobscheduler@app.revanced.android.photos/androidx.work.impl.background.systemjob.SystemJobService#555000047"}</string>
  <string>{"flags":1,"ownerPackageName":"android","ownerUserId":0,"tag":"*job*/@androidx.work.systemjobscheduler@app.revanced.android.photos/androidx.work.impl.background.systemjob.SystemJobService#555000048"}</string>
  <string>{"flags":1,"ownerPackageName":"com.tencent.mm","ownerUserId":0,"tag":"MicroMsg.NetSceneSynCheck"}</string>
  <string>{"flags":1,"ownerPackageName":"android","ownerUserId":0,"tag":"*job*/com.miui.home/.launcher.AnalyticalDataCollectorJobService#1"}</string>
  <string>{"flags":1,"ownerPackageName":"android","ownerUserId":0,"tag":"*job*/@SyncManager@com.miui.gallery.cloud.provider/com.xiaomi/2489934427:android#5"}</string>
  <string>{"flags":1,"ownerPackageName":"android","ownerUserId":0,"tag":"*job*/@androidx.work.systemjobscheduler@com.coolapk.market/androidx.work.impl.background.systemjob.SystemJobService#96"}</string>
  <string>{"flags":1,"ownerPackageName":"android","ownerUserId":0,"tag":"*job*/@androidx.work.systemjobscheduler@com.coolapk.market/androidx.work.impl.background.systemjob.SystemJobService#73"}</string>
  <string>{"flags":1,"ownerPackageName":"android","ownerUserId":0,"tag":"NotificationManagerService:post:com.xunmeng.pinduoduo"}</string>
  <string>{"flags":1,"ownerPackageName":"com.xiaomi.market","ownerUserId":0,"tag":"com.xiaomi.market.data.WakeLockManager/DownloadComplete_com.miui.personalassistant"}</string>
  <string>{"flags":1,"ownerPackageName":"android","ownerUserId":0,"tag":"*job*/@SyncManager@com.miui.gallery.cloud.provider/com.xiaomi/2489934427:android#30"}</string>
  <string>{"flags":536870922,"ownerPackageName":"android","ownerUserId":0,"tag":"WindowManager/displayId:0"}</string>
  <string>{"flags":1,"ownerPackageName":"com.android.cellbroadcastservice","ownerUserId":0,"tag":"GsmCellBroadcastHandler"}</string>
  <string>{"flags":1,"ownerPackageName":"android","ownerUserId":0,"tag":"*job*/@SyncManager@com.miui.gallery.cloud.provider/com.xiaomi/2489934427:android#53"}</string>
  <string>{"flags":64,"ownerPackageName":"android","ownerUserId":0,"tag":"dream:doze"}</string>
  <string>{"flags":1,"ownerPackageName":"android","ownerUserId":0,"tag":"*job*/@SyncManager@com.android.bluetooth.ble.app.headsetdata.provider/com.xiaomi/2489934427:android#1"}</string>
  <string>{"flags":1,"ownerPackageName":"android","ownerUserId":0,"tag":"*job*/@SyncManager@com.android.bluetooth.ble.app.headsetdata.provider/com.xiaomi/2489934427:android#48"}</string>
  <string>{"flags":128,"ownerPackageName":"com.android.systemui","ownerUserId":0,"tag":"AODBatteryMeterView"}</string>
  <string>{"flags":1,"ownerPackageName":"android","ownerUserId":0,"tag":"*job*/com.xiaomi.market/.reverse_ad.service.ReverseAdScheduleService#700"}</string>
</set>