<?xml version='1.0' encoding='utf-8' standalone='yes' ?>
<map>
    <string name="com.duokan.reader-68">0</string>
    <string name="com.duokan.reader-67">0</string>
    <string name="com.duokan.reader-69">0</string>
    <string name="com.duokan.reader-64">0</string>
    <string name="com.duokan.reader-63">0</string>
    <string name="com.duokan.reader-66">0</string>
    <string name="com.duokan.reader-65">0</string>
    <string name="com.duokan.reader-71">0</string>
    <string name="com.duokan.reader-70">0</string>
    <string name="com.duokan.reader-73">0</string>
    <string name="com.duokan.reader-72">0</string>
    <string name="com.duokan.reader-79">0</string>
    <string name="com.duokan.reader-78">0</string>
    <string name="com.duokan.reader-75">0</string>
    <string name="com.duokan.reader-74">0</string>
    <string name="com.duokan.reader-77">0</string>
    <string name="com.duokan.reader-76">0</string>
    <string name="com.duokan.reader-0">0</string>
    <string name="com.duokan.reader-2">0</string>
    <string name="com.duokan.reader-1">0</string>
    <string name="com.duokan.reader-8">0</string>
    <string name="com.duokan.reader-7">0</string>
    <string name="com.duokan.reader-9">0</string>
    <string name="com.duokan.reader-4">0</string>
    <string name="com.duokan.reader-3">0</string>
    <string name="com.duokan.reader-6">0</string>
    <string name="com.duokan.reader-5">0</string>
    <string name="com.duokan.reader-82">0</string>
    <string name="com.duokan.reader-81">0</string>
    <string name="com.duokan.reader-84">0</string>
    <string name="com.duokan.reader-83">0</string>
    <string name="com.duokan.reader-80">0</string>
    <string name="com.duokan.reader-89">0</string>
    <string name="com.duokan.reader-86">0</string>
    <string name="com.duokan.reader-85">0</string>
    <string name="com.duokan.reader-88">0</string>
    <string name="com.duokan.reader-87">0</string>
    <string name="com.duokan.reader-1000099">0</string>
    <string name="com.xingin.xhs-3">0</string>
    <string name="com.xingin.xhs-2">0</string>
    <string name="com.xingin.xhs-1">0</string>
    <string name="com.xingin.xhs-0">0</string>
    <string name="com.xingin.xhs-7">0</string>
    <string name="com.duokan.reader-93">0</string>
    <string name="com.xingin.xhs-6">0</string>
    <string name="com.duokan.reader-92">0</string>
    <string name="com.xingin.xhs-5">0</string>
    <string name="com.duokan.reader-95">0</string>
    <string name="com.xingin.xhs-4">0</string>
    <string name="com.duokan.reader-94">0</string>
    <string name="com.xingin.xhs-9">0</string>
    <string name="com.duokan.reader-91">0</string>
    <string name="com.xingin.xhs-8">0</string>
    <string name="com.duokan.reader-90">0</string>
    <string name="com.duokan.reader-97">0</string>
    <string name="com.duokan.reader-96">0</string>
    <string name="com.duokan.reader-99">0</string>
    <string name="com.duokan.reader-98">0</string>
    <string name="com.xingin.xhs-12">0</string>
    <string name="com.xingin.xhs-11">0</string>
    <string name="com.xingin.xhs-14">0</string>
    <string name="com.xingin.xhs-13">0</string>
    <string name="com.xingin.xhs-10">0</string>
    <string name="com.xingin.xhs-1000099">0</string>
    <string name="com.duokan.reader-1000100">0</string>
    <string name="com.duokan.reader-1000101">0</string>
    <string name="com.duokan.reader-1000102">0</string>
    <string name="com.duokan.reader-1000103">0</string>
    <string name="com.duokan.reader-1000104">0</string>
    <string name="com.xingin.xhs-34">0</string>
    <string name="com.xingin.xhs-33">0</string>
    <string name="com.xingin.xhs-36">0</string>
    <string name="com.xingin.xhs-35">0</string>
    <string name="com.xingin.xhs-30">0</string>
    <string name="com.xingin.xhs-32">0</string>
    <string name="com.xingin.xhs-31">0</string>
    <string name="com.xingin.xhs-27">0</string>
    <string name="com.xingin.xhs-26">0</string>
    <string name="com.xingin.xhs-29">0</string>
    <string name="com.xingin.xhs-28">0</string>
    <string name="com.xingin.xhs-23">0</string>
    <string name="com.xingin.xhs-22">0</string>
    <string name="com.xingin.xhs-25">0</string>
    <string name="com.xingin.xhs-24">0</string>
    <string name="com.xingin.xhs-21">0</string>
    <string name="com.xingin.xhs-20">0</string>
    <string name="com.xingin.xhs-19">0</string>
    <string name="com.xingin.xhs-16">0</string>
    <string name="com.xingin.xhs-15">0</string>
    <string name="com.xingin.xhs-18">0</string>
    <string name="com.xingin.xhs-17">0</string>
    <string name="com.xingin.xhs-50">0</string>
    <string name="com.xingin.xhs-56">0</string>
    <string name="com.xingin.xhs-55">0</string>
    <string name="com.xingin.xhs-58">0</string>
    <string name="com.xingin.xhs-57">0</string>
    <string name="com.xingin.xhs-52">0</string>
    <string name="com.xingin.xhs-51">0</string>
    <string name="com.xingin.xhs-54">0</string>
    <string name="com.xingin.xhs-53">0</string>
    <string name="com.xingin.xhs-49">0</string>
    <string name="com.xingin.xhs-48">0</string>
    <string name="com.xingin.xhs-45">0</string>
    <string name="com.xingin.xhs-44">0</string>
    <string name="com.xingin.xhs-47">0</string>
    <string name="com.xingin.xhs-46">0</string>
    <string name="com.xingin.xhs-41">0</string>
    <string name="com.xingin.xhs-40">0</string>
    <string name="com.xingin.xhs-43">0</string>
    <string name="com.xingin.xhs-42">0</string>
    <string name="com.xingin.xhs-38">0</string>
    <string name="com.xingin.xhs-37">0</string>
    <string name="com.xingin.xhs-39">0</string>
    <string name="com.xingin.xhs-70">0</string>
    <string name="com.xingin.xhs-72">0</string>
    <string name="com.xingin.xhs-71">0</string>
    <string name="com.xingin.xhs-78">0</string>
    <string name="com.xingin.xhs-77">0</string>
    <string name="com.xingin.xhs-79">0</string>
    <string name="com.xingin.xhs-74">0</string>
    <string name="com.xingin.xhs-73">0</string>
    <string name="com.xingin.xhs-76">0</string>
    <string name="com.xingin.xhs-75">0</string>
    <string name="com.duokan.reader-13">0</string>
    <string name="com.duokan.reader-12">0</string>
    <string name="com.xingin.xhs-61">0</string>
    <string name="com.duokan.reader-15">0</string>
    <string name="com.xingin.xhs-60">0</string>
    <string name="com.duokan.reader-14">0</string>
    <string name="com.duokan.reader-11">0</string>
    <string name="com.duokan.reader-10">0</string>
    <string name="com.xingin.xhs-67">0</string>
    <string name="com.xingin.xhs-66">0</string>
    <string name="com.xingin.xhs-69">0</string>
    <string name="com.xingin.xhs-68">0</string>
    <string name="com.xingin.xhs-63">0</string>
    <string name="com.duokan.reader-17">0</string>
    <string name="com.xingin.xhs-62">0</string>
    <string name="com.duokan.reader-16">0</string>
    <string name="com.xingin.xhs-65">0</string>
    <string name="com.duokan.reader-19">0</string>
    <string name="com.xingin.xhs-64">0</string>
    <string name="com.duokan.reader-18">0</string>
    <string name="com.xingin.xhs-59">0</string>
    <string name="com.xingin.xhs-92">0</string>
    <string name="com.duokan.reader-24">0</string>
    <string name="com.xingin.xhs-91">0</string>
    <string name="com.duokan.reader-23">0</string>
    <string name="com.xingin.xhs-94">0</string>
    <string name="com.duokan.reader-26">0</string>
    <string name="com.xingin.xhs-93">0</string>
    <string name="com.duokan.reader-25">0</string>
    <string name="com.duokan.reader-20">0</string>
    <string name="com.xingin.xhs-90">0</string>
    <string name="com.duokan.reader-22">0</string>
    <string name="com.duokan.reader-21">0</string>
    <string name="com.xingin.xhs-99">0</string>
    <string name="com.xingin.xhs-96">0</string>
    <string name="com.duokan.reader-28">0</string>
    <string name="com.xingin.xhs-95">0</string>
    <string name="com.duokan.reader-27">0</string>
    <string name="com.xingin.xhs-98">0</string>
    <string name="com.xingin.xhs-97">0</string>
    <string name="com.duokan.reader-29">0</string>
    <string name="com.xingin.xhs-81">0</string>
    <string name="com.duokan.reader-35">0</string>
    <string name="com.xingin.xhs-80">0</string>
    <string name="com.duokan.reader-34">0</string>
    <string name="com.xingin.xhs-83">0</string>
    <string name="com.duokan.reader-37">0</string>
    <string name="com.xingin.xhs-82">0</string>
    <string name="com.duokan.reader-36">0</string>
    <string name="com.duokan.reader-31">0</string>
    <string name="com.duokan.reader-30">0</string>
    <string name="com.duokan.reader-33">0</string>
    <string name="com.duokan.reader-32">0</string>
    <string name="com.xingin.xhs-89">0</string>
    <string name="com.xingin.xhs-88">0</string>
    <string name="com.xingin.xhs-85">0</string>
    <string name="com.duokan.reader-39">0</string>
    <string name="com.xingin.xhs-84">0</string>
    <string name="com.duokan.reader-38">0</string>
    <string name="com.xingin.xhs-87">0</string>
    <string name="com.xingin.xhs-86">0</string>
    <string name="com.duokan.reader-40">0</string>
    <string name="com.duokan.reader-46">0</string>
    <string name="com.duokan.reader-45">0</string>
    <string name="com.xingin.xhs-1000100">0</string>
    <string name="com.duokan.reader-48">0</string>
    <string name="com.xingin.xhs-1000101">0</string>
    <string name="com.duokan.reader-47">0</string>
    <string name="com.duokan.reader-42">0</string>
    <string name="com.duokan.reader-41">0</string>
    <string name="com.duokan.reader-44">0</string>
    <string name="com.duokan.reader-43">0</string>
    <string name="com.xingin.xhs-1000102">0</string>
    <string name="com.xingin.xhs-1000103">0</string>
    <string name="com.duokan.reader-49">0</string>
    <string name="com.xingin.xhs-1000104">0</string>
    <string name="com.duokan.reader-51">0</string>
    <string name="com.duokan.reader-50">0</string>
    <string name="com.duokan.reader-57">0</string>
    <string name="com.duokan.reader-56">0</string>
    <string name="com.duokan.reader-59">0</string>
    <string name="com.duokan.reader-58">0</string>
    <string name="com.duokan.reader-53">0</string>
    <string name="com.duokan.reader-52">0</string>
    <string name="com.duokan.reader-55">0</string>
    <string name="com.duokan.reader-54">0</string>
    <string name="com.duokan.reader-60">0</string>
    <string name="com.duokan.reader-62">0</string>
    <string name="com.duokan.reader-61">0</string>
</map>
